{
  "aggregate_score": 0.7582598924636841,
  "ptm": 0.801896870136261,
  "iptm": 0.7473506927490234,
  "per_chain_ptm": [
    [
      0.7568147778511047,
      0.8552678823471069,
      0.8690330386161804
    ]
  ],
  "per_chain_pair_iptm": [
    [
      [
        0.7568147778511047,
        0.7279313802719116,
        0.724577784538269
      ],
      [
        0.6896480321884155,
        0.8552678823471069,
        0.27619612216949463
      ],
      [
        0.7064579129219055,
        0.5209700465202332,
        0.8690330386161804
      ]
    ]
  ],
  "has_inter_chain_clashes": false,
  "chain_chain_clashes": [
    [
      [
        0,
        0,
        0
      ],
      [
        0,
        0,
        0
      ],
      [
        0,
        0,
        0
      ]
    ]
  ]
}