{
  "aggregate_score": 0.7594228982925415,
  "ptm": 0.803470253944397,
  "iptm": 0.7484109997749329,
  "per_chain_ptm": [
    [
      0.7570852637290955,
      0.8544961810112,
      0.8697400689125061
    ]
  ],
  "per_chain_pair_iptm": [
    [
      [
        0.7570852637290955,
        0.7279958724975586,
        0.7211267352104187
      ],
      [
        0.6905165910720825,
        0.8544961810112,
        0.2772723436355591
      ],
      [
        0.7076699733734131,
        0.5219972729682922,
        0.8697400689125061
      ]
    ]
  ],
  "has_inter_chain_clashes": false,
  "chain_chain_clashes": [
    [
      [
        0,
        0,
        0
      ],
      [
        0,
        0,
        0
      ],
      [
        0,
        0,
        0
      ]
    ]
  ]
}