{
  "aggregate_score": 0.7594722509384155,
  "ptm": 0.8034975528717041,
  "iptm": 0.748465895652771,
  "per_chain_ptm": [
    [
      0.7567758560180664,
      0.853952944278717,
      0.869727611541748
    ]
  ],
  "per_chain_pair_iptm": [
    [
      [
        0.7567758560180664,
        0.7277848124504089,
        0.7245872616767883
      ],
      [
        0.6915209293365479,
        0.853952944278717,
        0.27051854133605957
      ],
      [
        0.7051599621772766,
        0.5243149995803833,
        0.869727611541748
      ]
    ]
  ],
  "has_inter_chain_clashes": false,
  "chain_chain_clashes": [
    [
      [
        0,
        0,
        1
      ],
      [
        0,
        0,
        0
      ],
      [
        1,
        0,
        0
      ]
    ]
  ]
}