{
  "aggregate_score": 0.7567629814147949,
  "ptm": 0.8023179173469543,
  "iptm": 0.7453742623329163,
  "per_chain_ptm": [
    [
      0.7569544911384583,
      0.8526641130447388,
      0.8690357804298401
    ]
  ],
  "per_chain_pair_iptm": [
    [
      [
        0.7569544911384583,
        0.7246949672698975,
        0.7233479619026184
      ],
      [
        0.6885811686515808,
        0.8526641130447388,
        0.26781827211380005
      ],
      [
        0.7075232863426208,
        0.5230095386505127,
        0.8690357804298401
      ]
    ]
  ],
  "has_inter_chain_clashes": false,
  "chain_chain_clashes": [
    [
      [
        0,
        0,
        0
      ],
      [
        0,
        0,
        0
      ],
      [
        0,
        0,
        0
      ]
    ]
  ]
}