{
  "aggregate_score": 0.75892174243927,
  "ptm": 0.8037095665931702,
  "iptm": 0.7477247714996338,
  "per_chain_ptm": [
    [
      0.7581732869148254,
      0.8537397980690002,
      0.8695197105407715
    ]
  ],
  "per_chain_pair_iptm": [
    [
      [
        0.7581732869148254,
        0.7248038053512573,
        0.7229349613189697
      ],
      [
        0.6888473033905029,
        0.8537397980690002,
        0.27621471881866455
      ],
      [
        0.7073656916618347,
        0.524375855922699,
        0.8695197105407715
      ]
    ]
  ],
  "has_inter_chain_clashes": false,
  "chain_chain_clashes": [
    [
      [
        0,
        0,
        0
      ],
      [
        0,
        0,
        0
      ],
      [
        0,
        0,
        0
      ]
    ]
  ]
}