{
  "aggregate_score": 0.7283024191856384,
  "ptm": 0.778682291507721,
  "iptm": 0.7157074213027954,
  "per_chain_ptm": [
    [
      0.7624837160110474,
      0.8409227132797241
    ]
  ],
  "per_chain_pair_iptm": [
    [
      [
        0.7624837160110474,
        0.5676366090774536
      ],
      [
        0.7157074213027954,
        0.8409227132797241
      ]
    ]
  ],
  "has_inter_chain_clashes": false,
  "chain_chain_clashes": [
    [
      [
        0,
        0
      ],
      [
        0,
        1
      ]
    ]
  ]
}