{
  "aggregate_score": 0.7289122939109802,
  "ptm": 0.7771380543708801,
  "iptm": 0.7168558239936829,
  "per_chain_ptm": [
    [
      0.760715663433075,
      0.8415047526359558
    ]
  ],
  "per_chain_pair_iptm": [
    [
      [
        0.760715663433075,
        0.5691834092140198
      ],
      [
        0.7168558239936829,
        0.8415047526359558
      ]
    ]
  ],
  "has_inter_chain_clashes": false,
  "chain_chain_clashes": [
    [
      [
        0,
        0
      ],
      [
        0,
        0
      ]
    ]
  ]
}