{
  "aggregate_score": 0.7270882725715637,
  "ptm": 0.7766634225845337,
  "iptm": 0.7146944999694824,
  "per_chain_ptm": [
    [
      0.760342001914978,
      0.8404243588447571
    ]
  ],
  "per_chain_pair_iptm": [
    [
      [
        0.760342001914978,
        0.5666874647140503
      ],
      [
        0.7146944999694824,
        0.8404243588447571
      ]
    ]
  ],
  "has_inter_chain_clashes": false,
  "chain_chain_clashes": [
    [
      [
        0,
        0
      ],
      [
        0,
        0
      ]
    ]
  ]
}