{
  "aggregate_score": 0.7275598049163818,
  "ptm": 0.7767798900604248,
  "iptm": 0.7152547240257263,
  "per_chain_ptm": [
    [
      0.7601756453514099,
      0.8399844169616699
    ]
  ],
  "per_chain_pair_iptm": [
    [
      [
        0.7601756453514099,
        0.5646665692329407
      ],
      [
        0.7152547240257263,
        0.8399844169616699
      ]
    ]
  ],
  "has_inter_chain_clashes": false,
  "chain_chain_clashes": [
    [
      [
        0,
        0
      ],
      [
        0,
        0
      ]
    ]
  ]
}