{
  "aggregate_score": 0.7304700016975403,
  "ptm": 0.7786664962768555,
  "iptm": 0.7184208631515503,
  "per_chain_ptm": [
    [
      0.7624364495277405,
      0.8416681885719299
    ]
  ],
  "per_chain_pair_iptm": [
    [
      [
        0.7624364495277405,
        0.568936288356781
      ],
      [
        0.7184208631515503,
        0.8416681885719299
      ]
    ]
  ],
  "has_inter_chain_clashes": false,
  "chain_chain_clashes": [
    [
      [
        0,
        0
      ],
      [
        0,
        0
      ]
    ]
  ]
}