{
  "aggregate_score": 0.7287607789039612,
  "ptm": 0.7803148627281189,
  "iptm": 0.7158722281455994,
  "per_chain_ptm": [
    [
      0.761612057685852,
      0.8461256623268127
    ]
  ],
  "per_chain_pair_iptm": [
    [
      [
        0.761612057685852,
        0.5955041646957397
      ],
      [
        0.7158722281455994,
        0.8461256623268127
      ]
    ]
  ],
  "has_inter_chain_clashes": false,
  "chain_chain_clashes": [
    [
      [
        0,
        0
      ],
      [
        0,
        0
      ]
    ]
  ]
}