{
  "aggregate_score": 0.7272458076477051,
  "ptm": 0.7792145609855652,
  "iptm": 0.7142536044120789,
  "per_chain_ptm": [
    [
      0.7606196403503418,
      0.8486579656600952
    ]
  ],
  "per_chain_pair_iptm": [
    [
      [
        0.7606196403503418,
        0.5977834463119507
      ],
      [
        0.7142536044120789,
        0.8486579656600952
      ]
    ]
  ],
  "has_inter_chain_clashes": false,
  "chain_chain_clashes": [
    [
      [
        2,
        0
      ],
      [
        0,
        0
      ]
    ]
  ]
}