{
  "aggregate_score": 0.7281696796417236,
  "ptm": 0.7805907130241394,
  "iptm": 0.7150644063949585,
  "per_chain_ptm": [
    [
      0.7620881795883179,
      0.8493238091468811
    ]
  ],
  "per_chain_pair_iptm": [
    [
      [
        0.7620881795883179,
        0.597073495388031
      ],
      [
        0.7150644063949585,
        0.8493238091468811
      ]
    ]
  ],
  "has_inter_chain_clashes": false,
  "chain_chain_clashes": [
    [
      [
        0,
        0
      ],
      [
        0,
        0
      ]
    ]
  ]
}