{
  "aggregate_score": 0.7281903028488159,
  "ptm": 0.7808402180671692,
  "iptm": 0.7150278091430664,
  "per_chain_ptm": [
    [
      0.7623125910758972,
      0.846098780632019
    ]
  ],
  "per_chain_pair_iptm": [
    [
      [
        0.7623125910758972,
        0.5950180888175964
      ],
      [
        0.7150278091430664,
        0.846098780632019
      ]
    ]
  ],
  "has_inter_chain_clashes": false,
  "chain_chain_clashes": [
    [
      [
        0,
        0
      ],
      [
        0,
        0
      ]
    ]
  ]
}