{
  "aggregate_score": 0.7291527390480042,
  "ptm": 0.7802742719650269,
  "iptm": 0.7163723707199097,
  "per_chain_ptm": [
    [
      0.7617208361625671,
      0.8481227159500122
    ]
  ],
  "per_chain_pair_iptm": [
    [
      [
        0.7617208361625671,
        0.596997857093811
      ],
      [
        0.7163723707199097,
        0.8481227159500122
      ]
    ]
  ],
  "has_inter_chain_clashes": false,
  "chain_chain_clashes": [
    [
      [
        0,
        0
      ],
      [
        0,
        0
      ]
    ]
  ]
}