{
  "aggregate_score": 0.7529557943344116,
  "ptm": 0.8023245334625244,
  "iptm": 0.740613579750061,
  "per_chain_ptm": [
    [
      0.7533369660377502,
      0.856917142868042,
      0.7068312168121338
    ]
  ],
  "per_chain_pair_iptm": [
    [
      [
        0.7533369660377502,
        0.7275518178939819,
        0.3586747646331787
      ],
      [
        0.6923233270645142,
        0.856917142868042,
        0.09948025643825531
      ],
      [
        0.5550529956817627,
        0.3506636917591095,
        0.7068312168121338
      ]
    ]
  ],
  "has_inter_chain_clashes": false,
  "chain_chain_clashes": [
    [
      [
        0,
        0,
        0
      ],
      [
        0,
        0,
        0
      ],
      [
        0,
        0,
        0
      ]
    ]
  ]
}