{
  "aggregate_score": 0.7560893297195435,
  "ptm": 0.8034155368804932,
  "iptm": 0.7442578077316284,
  "per_chain_ptm": [
    [
      0.7505536079406738,
      0.8595622777938843,
      0.7071034908294678
    ]
  ],
  "per_chain_pair_iptm": [
    [
      [
        0.7505536079406738,
        0.7313892245292664,
        0.3593607544898987
      ],
      [
        0.6892649531364441,
        0.8595622777938843,
        0.0982377901673317
      ],
      [
        0.5525311827659607,
        0.3496030867099762,
        0.7071034908294678
      ]
    ]
  ],
  "has_inter_chain_clashes": false,
  "chain_chain_clashes": [
    [
      [
        1,
        1,
        0
      ],
      [
        1,
        0,
        0
      ],
      [
        0,
        0,
        0
      ]
    ]
  ]
}