{
  "aggregate_score": 0.7553220391273499,
  "ptm": 0.8049695491790771,
  "iptm": 0.7429100871086121,
  "per_chain_ptm": [
    [
      0.7544159889221191,
      0.8598777055740356,
      0.7099962830543518
    ]
  ],
  "per_chain_pair_iptm": [
    [
      [
        0.7544159889221191,
        0.7297090291976929,
        0.36101850867271423
      ],
      [
        0.6923381686210632,
        0.8598777055740356,
        0.1012931689620018
      ],
      [
        0.5596389770507812,
        0.3572882413864136,
        0.7099962830543518
      ]
    ]
  ],
  "has_inter_chain_clashes": false,
  "chain_chain_clashes": [
    [
      [
        0,
        0,
        0
      ],
      [
        0,
        0,
        0
      ],
      [
        0,
        0,
        0
      ]
    ]
  ]
}