{
  "aggregate_score": 0.754619836807251,
  "ptm": 0.8040775060653687,
  "iptm": 0.742255449295044,
  "per_chain_ptm": [
    [
      0.7526390552520752,
      0.8587204813957214,
      0.7078537344932556
    ]
  ],
  "per_chain_pair_iptm": [
    [
      [
        0.7526390552520752,
        0.7293078303337097,
        0.36080801486968994
      ],
      [
        0.6922523975372314,
        0.8587204813957214,
        0.10049913078546524
      ],
      [
        0.5553238391876221,
        0.34828898310661316,
        0.7078537344932556
      ]
    ]
  ],
  "has_inter_chain_clashes": false,
  "chain_chain_clashes": [
    [
      [
        0,
        0,
        0
      ],
      [
        0,
        0,
        0
      ],
      [
        0,
        0,
        0
      ]
    ]
  ]
}