{
  "aggregate_score": 0.7554429173469543,
  "ptm": 0.8044819831848145,
  "iptm": 0.7431831359863281,
  "per_chain_ptm": [
    [
      0.7528841495513916,
      0.858824610710144,
      0.7074228525161743
    ]
  ],
  "per_chain_pair_iptm": [
    [
      [
        0.7528841495513916,
        0.7300246357917786,
        0.35927724838256836
      ],
      [
        0.691617488861084,
        0.858824610710144,
        0.10081461817026138
      ],
      [
        0.5573678016662598,
        0.35400477051734924,
        0.7074228525161743
      ]
    ]
  ],
  "has_inter_chain_clashes": false,
  "chain_chain_clashes": [
    [
      [
        0,
        0,
        0
      ],
      [
        0,
        0,
        0
      ],
      [
        0,
        0,
        0
      ]
    ]
  ]
}