{
  "aggregate_score": 0.7570844888687134,
  "ptm": 0.8042311072349548,
  "iptm": 0.7452977895736694,
  "per_chain_ptm": [
    [
      0.7548056244850159,
      0.8594953417778015,
      0.500544011592865
    ]
  ],
  "per_chain_pair_iptm": [
    [
      [
        0.7548056244850159,
        0.7315464019775391,
        0.26808422803878784
      ],
      [
        0.6957014799118042,
        0.8594953417778015,
        0.0722920298576355
      ],
      [
        0.40528184175491333,
        0.2441132366657257,
        0.500544011592865
      ]
    ]
  ],
  "has_inter_chain_clashes": false,
  "chain_chain_clashes": [
    [
      [
        0,
        0,
        0
      ],
      [
        0,
        0,
        0
      ],
      [
        0,
        0,
        0
      ]
    ]
  ]
}