{
  "aggregate_score": 0.7556557059288025,
  "ptm": 0.8022948503494263,
  "iptm": 0.7439959049224854,
  "per_chain_ptm": [
    [
      0.7526528835296631,
      0.8577905297279358,
      0.49911975860595703
    ]
  ],
  "per_chain_pair_iptm": [
    [
      [
        0.7526528835296631,
        0.7310462594032288,
        0.25502416491508484
      ],
      [
        0.692998468875885,
        0.8577905297279358,
        0.0708247646689415
      ],
      [
        0.39536750316619873,
        0.23522308468818665,
        0.49911975860595703
      ]
    ]
  ],
  "has_inter_chain_clashes": false,
  "chain_chain_clashes": [
    [
      [
        0,
        1,
        0
      ],
      [
        1,
        0,
        0
      ],
      [
        0,
        0,
        0
      ]
    ]
  ]
}