{
  "aggregate_score": 0.7575883865356445,
  "ptm": 0.8030843734741211,
  "iptm": 0.7462143898010254,
  "per_chain_ptm": [
    [
      0.7532554268836975,
      0.8585076928138733,
      0.5046409368515015
    ]
  ],
  "per_chain_pair_iptm": [
    [
      [
        0.7532554268836975,
        0.7323381900787354,
        0.27058807015419006
      ],
      [
        0.6926165819168091,
        0.8585076928138733,
        0.07252099364995956
      ],
      [
        0.41769665479660034,
        0.2622745931148529,
        0.5046409368515015
      ]
    ]
  ],
  "has_inter_chain_clashes": false,
  "chain_chain_clashes": [
    [
      [
        0,
        0,
        0
      ],
      [
        0,
        0,
        0
      ],
      [
        0,
        0,
        0
      ]
    ]
  ]
}