{
  "aggregate_score": 0.7550575733184814,
  "ptm": 0.8021024465560913,
  "iptm": 0.7432963848114014,
  "per_chain_ptm": [
    [
      0.7528970837593079,
      0.8590196967124939,
      0.49839097261428833
    ]
  ],
  "per_chain_pair_iptm": [
    [
      [
        0.7528970837593079,
        0.7303928732872009,
        0.2567475736141205
      ],
      [
        0.6901737451553345,
        0.8590196967124939,
        0.06917721778154373
      ],
      [
        0.38262423872947693,
        0.22478441894054413,
        0.49839097261428833
      ]
    ]
  ],
  "has_inter_chain_clashes": false,
  "chain_chain_clashes": [
    [
      [
        0,
        1,
        0
      ],
      [
        1,
        0,
        0
      ],
      [
        0,
        0,
        0
      ]
    ]
  ]
}