{
  "aggregate_score": 0.755736231803894,
  "ptm": 0.8026620149612427,
  "iptm": 0.7440047264099121,
  "per_chain_ptm": [
    [
      0.7524591684341431,
      0.8587148189544678,
      0.499430775642395
    ]
  ],
  "per_chain_pair_iptm": [
    [
      [
        0.7524591684341431,
        0.7305497527122498,
        0.2587711811065674
      ],
      [
        0.6930365562438965,
        0.8587148189544678,
        0.07242753356695175
      ],
      [
        0.39332181215286255,
        0.23709580302238464,
        0.499430775642395
      ]
    ]
  ],
  "has_inter_chain_clashes": false,
  "chain_chain_clashes": [
    [
      [
        0,
        0,
        0
      ],
      [
        0,
        0,
        0
      ],
      [
        0,
        0,
        0
      ]
    ]
  ]
}