{
  "aggregate_score": 0.7653330564498901,
  "ptm": 0.8076803088188171,
  "iptm": 0.7547461986541748,
  "per_chain_ptm": [
    [
      0.7913795709609985,
      0.854701042175293
    ]
  ],
  "per_chain_pair_iptm": [
    [
      [
        0.7913795709609985,
        0.6081759929656982
      ],
      [
        0.7547461986541748,
        0.854701042175293
      ]
    ]
  ],
  "has_inter_chain_clashes": false,
  "chain_chain_clashes": [
    [
      [
        0,
        0
      ],
      [
        0,
        0
      ]
    ]
  ]
}