{
  "aggregate_score": 0.7653160095214844,
  "ptm": 0.8047845363616943,
  "iptm": 0.7554488182067871,
  "per_chain_ptm": [
    [
      0.7873992919921875,
      0.8533596992492676
    ]
  ],
  "per_chain_pair_iptm": [
    [
      [
        0.7873992919921875,
        0.6049097776412964
      ],
      [
        0.7554488182067871,
        0.8533596992492676
      ]
    ]
  ],
  "has_inter_chain_clashes": false,
  "chain_chain_clashes": [
    [
      [
        0,
        0
      ],
      [
        0,
        0
      ]
    ]
  ]
}