{
  "aggregate_score": 0.7702750563621521,
  "ptm": 0.8108168840408325,
  "iptm": 0.7601395845413208,
  "per_chain_ptm": [
    [
      0.7946702241897583,
      0.8534443378448486
    ]
  ],
  "per_chain_pair_iptm": [
    [
      [
        0.7946702241897583,
        0.6099951267242432
      ],
      [
        0.7601395845413208,
        0.8534443378448486
      ]
    ]
  ],
  "has_inter_chain_clashes": false,
  "chain_chain_clashes": [
    [
      [
        0,
        0
      ],
      [
        0,
        0
      ]
    ]
  ]
}