{
  "aggregate_score": 0.7695857286453247,
  "ptm": 0.8110464215278625,
  "iptm": 0.759220540523529,
  "per_chain_ptm": [
    [
      0.7949264645576477,
      0.8551023006439209
    ]
  ],
  "per_chain_pair_iptm": [
    [
      [
        0.7949264645576477,
        0.6090784668922424
      ],
      [
        0.759220540523529,
        0.8551023006439209
      ]
    ]
  ],
  "has_inter_chain_clashes": false,
  "chain_chain_clashes": [
    [
      [
        0,
        0
      ],
      [
        0,
        0
      ]
    ]
  ]
}