{
  "aggregate_score": 0.7690820693969727,
  "ptm": 0.811288595199585,
  "iptm": 0.7585304379463196,
  "per_chain_ptm": [
    [
      0.7952104210853577,
      0.8548579216003418
    ]
  ],
  "per_chain_pair_iptm": [
    [
      [
        0.7952104210853577,
        0.6082137227058411
      ],
      [
        0.7585304379463196,
        0.8548579216003418
      ]
    ]
  ],
  "has_inter_chain_clashes": false,
  "chain_chain_clashes": [
    [
      [
        0,
        0
      ],
      [
        0,
        0
      ]
    ]
  ]
}