{
  "aggregate_score": 0.7564349174499512,
  "ptm": 0.8033062219619751,
  "iptm": 0.744717001914978,
  "per_chain_ptm": [
    [
      0.7548595666885376,
      0.8558580279350281,
      0.8319740295410156
    ]
  ],
  "per_chain_pair_iptm": [
    [
      [
        0.7548595666885376,
        0.7289354801177979,
        0.5817466378211975
      ],
      [
        0.6918467879295349,
        0.8558580279350281,
        0.16867667436599731
      ],
      [
        0.6801037788391113,
        0.49414458870887756,
        0.8319740295410156
      ]
    ]
  ],
  "has_inter_chain_clashes": false,
  "chain_chain_clashes": [
    [
      [
        1,
        0,
        0
      ],
      [
        0,
        0,
        0
      ],
      [
        0,
        0,
        0
      ]
    ]
  ]
}