{
  "aggregate_score": 0.7574625015258789,
  "ptm": 0.803910493850708,
  "iptm": 0.7458505034446716,
  "per_chain_ptm": [
    [
      0.7562068700790405,
      0.8573110699653625,
      0.8327670693397522
    ]
  ],
  "per_chain_pair_iptm": [
    [
      [
        0.7562068700790405,
        0.7313871383666992,
        0.5839739441871643
      ],
      [
        0.692043662071228,
        0.8573110699653625,
        0.1738271713256836
      ],
      [
        0.682938814163208,
        0.5009913444519043,
        0.8327670693397522
      ]
    ]
  ],
  "has_inter_chain_clashes": false,
  "chain_chain_clashes": [
    [
      [
        0,
        0,
        0
      ],
      [
        0,
        0,
        0
      ],
      [
        0,
        0,
        0
      ]
    ]
  ]
}