{
  "aggregate_score": 0.754346489906311,
  "ptm": 0.8021782040596008,
  "iptm": 0.7423884868621826,
  "per_chain_ptm": [
    [
      0.7518191337585449,
      0.8570340871810913,
      0.8300777077674866
    ]
  ],
  "per_chain_pair_iptm": [
    [
      [
        0.7518191337585449,
        0.7277588844299316,
        0.5749087929725647
      ],
      [
        0.6898927092552185,
        0.8570340871810913,
        0.17270752787590027
      ],
      [
        0.6805934906005859,
        0.49918678402900696,
        0.8300777077674866
      ]
    ]
  ],
  "has_inter_chain_clashes": false,
  "chain_chain_clashes": [
    [
      [
        0,
        0,
        0
      ],
      [
        0,
        0,
        0
      ],
      [
        0,
        0,
        0
      ]
    ]
  ]
}