{
  "aggregate_score": 0.7557481527328491,
  "ptm": 0.8024371266365051,
  "iptm": 0.7440758943557739,
  "per_chain_ptm": [
    [
      0.7560355067253113,
      0.8573143482208252,
      0.8332109451293945
    ]
  ],
  "per_chain_pair_iptm": [
    [
      [
        0.7560355067253113,
        0.7290353775024414,
        0.5846397876739502
      ],
      [
        0.6919773817062378,
        0.8573143482208252,
        0.16709193587303162
      ],
      [
        0.6848639845848083,
        0.5013875961303711,
        0.8332109451293945
      ]
    ]
  ],
  "has_inter_chain_clashes": false,
  "chain_chain_clashes": [
    [
      [
        0,
        0,
        0
      ],
      [
        0,
        0,
        0
      ],
      [
        0,
        0,
        0
      ]
    ]
  ]
}