{
  "aggregate_score": 0.7579654455184937,
  "ptm": 0.8035409450531006,
  "iptm": 0.7465715408325195,
  "per_chain_ptm": [
    [
      0.7547724843025208,
      0.855971097946167,
      0.8319494724273682
    ]
  ],
  "per_chain_pair_iptm": [
    [
      [
        0.7547724843025208,
        0.7302889227867126,
        0.5831381678581238
      ],
      [
        0.6928071975708008,
        0.855971097946167,
        0.17008700966835022
      ],
      [
        0.6821590662002563,
        0.4991600513458252,
        0.8319494724273682
      ]
    ]
  ],
  "has_inter_chain_clashes": false,
  "chain_chain_clashes": [
    [
      [
        0,
        0,
        0
      ],
      [
        0,
        0,
        0
      ],
      [
        0,
        0,
        0
      ]
    ]
  ]
}