{
  "aggregate_score": 0.7538992762565613,
  "ptm": 0.8013079166412354,
  "iptm": 0.742047131061554,
  "per_chain_ptm": [
    [
      0.7540347576141357,
      0.8549356460571289,
      0.623372495174408
    ]
  ],
  "per_chain_pair_iptm": [
    [
      [
        0.7540347576141357,
        0.7280571460723877,
        0.4599018394947052
      ],
      [
        0.6918371915817261,
        0.8549356460571289,
        0.15267588198184967
      ],
      [
        0.4350905418395996,
        0.246753990650177,
        0.623372495174408
      ]
    ]
  ],
  "has_inter_chain_clashes": false,
  "chain_chain_clashes": [
    [
      [
        0,
        1,
        0
      ],
      [
        1,
        0,
        0
      ],
      [
        0,
        0,
        0
      ]
    ]
  ]
}