{
  "aggregate_score": 0.7536146640777588,
  "ptm": 0.8014625310897827,
  "iptm": 0.7416526675224304,
  "per_chain_ptm": [
    [
      0.7552773356437683,
      0.8565820455551147,
      0.6227728128433228
    ]
  ],
  "per_chain_pair_iptm": [
    [
      [
        0.7552773356437683,
        0.7282523512840271,
        0.47466129064559937
      ],
      [
        0.6932186484336853,
        0.8565820455551147,
        0.1546759158372879
      ],
      [
        0.4484533667564392,
        0.24998237192630768,
        0.6227728128433228
      ]
    ]
  ],
  "has_inter_chain_clashes": false,
  "chain_chain_clashes": [
    [
      [
        0,
        1,
        0
      ],
      [
        1,
        0,
        0
      ],
      [
        0,
        0,
        0
      ]
    ]
  ]
}