{
  "aggregate_score": 0.7546296715736389,
  "ptm": 0.8009595274925232,
  "iptm": 0.7430471777915955,
  "per_chain_ptm": [
    [
      0.7518707513809204,
      0.8565332889556885,
      0.6280735731124878
    ]
  ],
  "per_chain_pair_iptm": [
    [
      [
        0.7518707513809204,
        0.7286608815193176,
        0.4798376262187958
      ],
      [
        0.6906334757804871,
        0.8565332889556885,
        0.1555393487215042
      ],
      [
        0.45703789591789246,
        0.24823540449142456,
        0.6280735731124878
      ]
    ]
  ],
  "has_inter_chain_clashes": false,
  "chain_chain_clashes": [
    [
      [
        0,
        0,
        0
      ],
      [
        0,
        0,
        0
      ],
      [
        0,
        0,
        0
      ]
    ]
  ]
}