{
  "aggregate_score": 0.7547730207443237,
  "ptm": 0.801724910736084,
  "iptm": 0.7430349588394165,
  "per_chain_ptm": [
    [
      0.7540909647941589,
      0.8576546311378479,
      0.6170589327812195
    ]
  ],
  "per_chain_pair_iptm": [
    [
      [
        0.7540909647941589,
        0.7297033071517944,
        0.43966224789619446
      ],
      [
        0.6922261118888855,
        0.8576546311378479,
        0.1500891149044037
      ],
      [
        0.43272554874420166,
        0.24049410223960876,
        0.6170589327812195
      ]
    ]
  ],
  "has_inter_chain_clashes": false,
  "chain_chain_clashes": [
    [
      [
        2,
        0,
        0
      ],
      [
        0,
        0,
        0
      ],
      [
        0,
        0,
        0
      ]
    ]
  ]
}