{
  "aggregate_score": 0.7538995742797852,
  "ptm": 0.8004317283630371,
  "iptm": 0.7422665357589722,
  "per_chain_ptm": [
    [
      0.7531693577766418,
      0.8559821844100952,
      0.6231956481933594
    ]
  ],
  "per_chain_pair_iptm": [
    [
      [
        0.7531693577766418,
        0.7283430099487305,
        0.4507015347480774
      ],
      [
        0.6911932826042175,
        0.8559821844100952,
        0.15368442237377167
      ],
      [
        0.4613618850708008,
        0.25242459774017334,
        0.6231956481933594
      ]
    ]
  ],
  "has_inter_chain_clashes": false,
  "chain_chain_clashes": [
    [
      [
        1,
        1,
        0
      ],
      [
        1,
        0,
        0
      ],
      [
        0,
        0,
        0
      ]
    ]
  ]
}