{
  "aggregate_score": 0.7667534947395325,
  "ptm": 0.8056932091712952,
  "iptm": 0.7570185661315918,
  "per_chain_ptm": [
    [
      0.7927697896957397,
      0.8487703800201416
    ]
  ],
  "per_chain_pair_iptm": [
    [
      [
        0.7927697896957397,
        0.581454873085022
      ],
      [
        0.7570185661315918,
        0.8487703800201416
      ]
    ]
  ],
  "has_inter_chain_clashes": false,
  "chain_chain_clashes": [
    [
      [
        1,
        0
      ],
      [
        0,
        0
      ]
    ]
  ]
}