{
  "aggregate_score": 0.7675277590751648,
  "ptm": 0.8066734075546265,
  "iptm": 0.7577413320541382,
  "per_chain_ptm": [
    [
      0.7931209802627563,
      0.8484178185462952
    ]
  ],
  "per_chain_pair_iptm": [
    [
      [
        0.7931209802627563,
        0.5817824006080627
      ],
      [
        0.7577413320541382,
        0.8484178185462952
      ]
    ]
  ],
  "has_inter_chain_clashes": false,
  "chain_chain_clashes": [
    [
      [
        0,
        0
      ],
      [
        0,
        0
      ]
    ]
  ]
}