{
  "aggregate_score": 0.767866849899292,
  "ptm": 0.8066366314888,
  "iptm": 0.7581744194030762,
  "per_chain_ptm": [
    [
      0.7937006950378418,
      0.8494676947593689
    ]
  ],
  "per_chain_pair_iptm": [
    [
      [
        0.7937006950378418,
        0.5828193426132202
      ],
      [
        0.7581744194030762,
        0.8494676947593689
      ]
    ]
  ],
  "has_inter_chain_clashes": false,
  "chain_chain_clashes": [
    [
      [
        0,
        0
      ],
      [
        0,
        0
      ]
    ]
  ]
}