{
  "aggregate_score": 0.7654328346252441,
  "ptm": 0.8052033185958862,
  "iptm": 0.7554901838302612,
  "per_chain_ptm": [
    [
      0.7918970584869385,
      0.848991870880127
    ]
  ],
  "per_chain_pair_iptm": [
    [
      [
        0.7918970584869385,
        0.5794889330863953
      ],
      [
        0.7554901838302612,
        0.848991870880127
      ]
    ]
  ],
  "has_inter_chain_clashes": false,
  "chain_chain_clashes": [
    [
      [
        0,
        0
      ],
      [
        0,
        0
      ]
    ]
  ]
}