{
  "aggregate_score": 0.7659101486206055,
  "ptm": 0.8050655722618103,
  "iptm": 0.7561212778091431,
  "per_chain_ptm": [
    [
      0.7921766042709351,
      0.8480186462402344
    ]
  ],
  "per_chain_pair_iptm": [
    [
      [
        0.7921766042709351,
        0.5783247351646423
      ],
      [
        0.7561212778091431,
        0.8480186462402344
      ]
    ]
  ],
  "has_inter_chain_clashes": false,
  "chain_chain_clashes": [
    [
      [
        0,
        0
      ],
      [
        0,
        0
      ]
    ]
  ]
}